<?xml version="1.0" encoding="ISO-8859-1"?>
<!-- ER Modeller version 4.0 schema -->
<!DOCTYPE schema [
<!ELEMENT schema (scale,left,top,width,height,id,name,notation,comment,usertype*,(entity*,atribute*,relation*,unique*,cardinality*,strong*)*)>
<!ELEMENT scale (#PCDATA)>
<!ELEMENT left (#PCDATA)>
<!ELEMENT top (#PCDATA)>
<!ELEMENT width (#PCDATA)>
<!ELEMENT height (#PCDATA)>
<!ELEMENT id (#PCDATA)>
<!ELEMENT name (#PCDATA)>
<!ELEMENT comment (#PCDATA)>
<!ELEMENT usertype (typename, datatypedef)>
<!ELEMENT entity (left,top,width,height,id,name,comment)>
<!ELEMENT atribute (left,top,width,height,id,name,comment,datatype,arbitrary,(ent|rel))>
<!ELEMENT relation (left,top,width,height,id,name,comment)>
<!ELEMENT unique (left,top,width,height,id,name,comment,ent,atr*,primary)>
<!ELEMENT cardinality (left,top,width,height,id,name,comment,ent,rel,arbitrary,multi,glue)>
<!ELEMENT strong (left,top,width,height,ent,uni)>
<!ELEMENT datatype (#PCDATA)>
<!ELEMENT typename (#PCDATA)>
<!ELEMENT datatypedef (datatype, item*)>
<!ELEMENT item (itemname, datatype)>
<!ELEMENT itemname (#PCDATA)>
<!ELEMENT arbitrary (#PCDATA)>
<!ELEMENT ent (#PCDATA)>
<!ELEMENT rel (#PCDATA)>
<!ELEMENT atr (#PCDATA)>
<!ELEMENT primary (#PCDATA)>
<!ELEMENT multi (#PCDATA)>
<!ELEMENT glue (#PCDATA)>
<!ELEMENT uni (#PCDATA)>
]>
<schema>
	<scale>1.0</scale>
	<left>0</left>
	<top>0</top>
	<width>2500</width>
	<height>2500</height>
	<id>106</id>
	<name>Schema</name>
	<notation>2</notation>
	<comment></comment>
	<entity>
		<left>23</left>
		<top>631</top>
		<width>145</width>
		<height>116</height>
		<id>39</id>
		<name>Borrow</name>
		<comment></comment>
		<constraints></constraints>
	</entity>
	<atribute>
		<left>28</left>
		<top>701</top>
		<width>43</width>
		<height>12</height>
		<id>56</id>
		<name>limit</name>
		<comment></comment>
		<datatype>Date</datatype>
		<arbitrary>false</arbitrary>
		<primary>false</primary>
		<uniq>false</uniq>
		<position>3</position>
		<ent>39</ent>
	</atribute>
	<atribute>
		<left>28</left>
		<top>681</top>
		<width>31</width>
		<height>12</height>
		<id>41</id>
		<name>to</name>
		<comment></comment>
		<datatype>Date</datatype>
		<arbitrary>false</arbitrary>
		<primary>false</primary>
		<uniq>false</uniq>
		<position>2</position>
		<ent>39</ent>
	</atribute>
	<atribute>
		<left>28</left>
		<top>661</top>
		<width>46</width>
		<height>12</height>
		<id>40</id>
		<name>from</name>
		<comment></comment>
		<datatype>Date</datatype>
		<arbitrary>true</arbitrary>
		<primary>true</primary>
		<uniq>true</uniq>
		<position>1</position>
		<ent>39</ent>
	</atribute>
	<entity>
		<left>155</left>
		<top>528</top>
		<width>211</width>
		<height>76</height>
		<id>75</id>
		<name>Reservation</name>
		<comment></comment>
		<constraints></constraints>
	</entity>
	<atribute>
		<left>160</left>
		<top>578</top>
		<width>58</width>
		<height>12</height>
		<id>105</id>
		<name>status</name>
		<comment></comment>
		<datatype>VarChar2(255)</datatype>
		<arbitrary>false</arbitrary>
		<primary>false</primary>
		<uniq>false</uniq>
		<position>2</position>
		<ent>75</ent>
	</atribute>
	<atribute>
		<left>160</left>
		<top>558</top>
		<width>47</width>
		<height>12</height>
		<id>77</id>
		<name>date</name>
		<comment></comment>
		<datatype>Date</datatype>
		<arbitrary>true</arbitrary>
		<primary>true</primary>
		<uniq>true</uniq>
		<position>1</position>
		<ent>75</ent>
	</atribute>
	<relation>
		<left>40</left>
		<top>214</top>
		<width>7</width>
		<height>7</height>
		<id>100</id>
		<name>Rel8</name>
		<comment></comment>
	</relation>
	<entity>
		<left>21</left>
		<top>17</top>
		<width>206</width>
		<height>76</height>
		<id>99</id>
		<name>Role</name>
		<comment></comment>
		<constraints></constraints>
	</entity>
	<atribute>
		<left>26</left>
		<top>47</top>
		<width>29</width>
		<height>12</height>
		<id>103</id>
		<name>id</name>
		<comment></comment>
		<datatype>Integer</datatype>
		<arbitrary>true</arbitrary>
		<primary>true</primary>
		<uniq>true</uniq>
		<position>1</position>
		<ent>99</ent>
	</atribute>
	<atribute>
		<left>26</left>
		<top>67</top>
		<width>53</width>
		<height>12</height>
		<id>104</id>
		<name>name</name>
		<comment></comment>
		<datatype>VarChar2(255)</datatype>
		<arbitrary>false</arbitrary>
		<primary>false</primary>
		<uniq>false</uniq>
		<position>2</position>
		<ent>99</ent>
	</atribute>
	<cardinality>
		<left>28</left>
		<top>93</top>
		<width>35</width>
		<height>27</height>
		<id>101</id>
		<name>has</name>
		<comment></comment>
		<ent>99</ent>
		<rel>100</rel>
		<arbitrary>false</arbitrary>
		<multi>true</multi>
		<glue>false</glue>
	</cardinality>
	<entity>
		<left>70</left>
		<top>162</top>
		<width>256</width>
		<height>96</height>
		<id>95</id>
		<name>Friendship</name>
		<comment></comment>
		<constraints></constraints>
	</entity>
	<atribute>
		<left>75</left>
		<top>192</top>
		<width>84</width>
		<height>12</height>
		<id>96</id>
		<name>authorized</name>
		<comment></comment>
		<datatype>Integer</datatype>
		<arbitrary>false</arbitrary>
		<primary>false</primary>
		<uniq>false</uniq>
		<position>1</position>
		<ent>95</ent>
	</atribute>
	<atribute>
		<left>75</left>
		<top>232</top>
		<width>75</width>
		<height>12</height>
		<id>98</id>
		<name>nickRight</name>
		<comment></comment>
		<datatype>VarChar2(255)</datatype>
		<arbitrary>false</arbitrary>
		<primary>false</primary>
		<uniq>false</uniq>
		<position>3</position>
		<ent>95</ent>
	</atribute>
	<atribute>
		<left>75</left>
		<top>212</top>
		<width>66</width>
		<height>12</height>
		<id>97</id>
		<name>nickLeft</name>
		<comment></comment>
		<datatype>VarChar2(255)</datatype>
		<arbitrary>false</arbitrary>
		<primary>false</primary>
		<uniq>false</uniq>
		<position>2</position>
		<ent>95</ent>
	</atribute>
	<relation>
		<left>509</left>
		<top>447</top>
		<width>7</width>
		<height>7</height>
		<id>18</id>
		<name>bookInShelf</name>
		<comment></comment>
	</relation>
	<entity>
		<left>26</left>
		<top>329</top>
		<width>284</width>
		<height>150</height>
		<id>2</id>
		<name>User</name>
		<comment></comment>
		<constraints></constraints>
	</entity>
	<atribute>
		<left>31</left>
		<top>379</top>
		<width>53</width>
		<height>12</height>
		<id>7</id>
		<name>name</name>
		<comment></comment>
		<datatype>VarChar2(255)</datatype>
		<arbitrary>false</arbitrary>
		<primary>false</primary>
		<uniq>false</uniq>
		<position>2</position>
		<ent>2</ent>
	</atribute>
	<atribute>
		<left>31</left>
		<top>399</top>
		<width>73</width>
		<height>12</height>
		<id>8</id>
		<name>surname</name>
		<comment></comment>
		<datatype>VarChar2(255)</datatype>
		<arbitrary>false</arbitrary>
		<primary>false</primary>
		<uniq>false</uniq>
		<position>3</position>
		<ent>2</ent>
	</atribute>
	<atribute>
		<left>31</left>
		<top>359</top>
		<width>29</width>
		<height>12</height>
		<id>6</id>
		<name>id</name>
		<comment></comment>
		<datatype>Integer</datatype>
		<arbitrary>true</arbitrary>
		<primary>true</primary>
		<uniq>true</uniq>
		<position>1</position>
		<ent>2</ent>
	</atribute>
	<atribute>
		<left>31</left>
		<top>419</top>
		<width>51</width>
		<height>12</height>
		<id>9</id>
		<name>email</name>
		<comment></comment>
		<datatype>VarChar2(255)</datatype>
		<arbitrary>false</arbitrary>
		<primary>false</primary>
		<uniq>true</uniq>
		<position>4</position>
		<ent>2</ent>
	</atribute>
	<atribute>
		<left>31</left>
		<top>439</top>
		<width>78</width>
		<height>12</height>
		<id>63</id>
		<name>password</name>
		<comment></comment>
		<datatype>VarChar2(255)</datatype>
		<arbitrary>false</arbitrary>
		<primary>false</primary>
		<uniq>false</uniq>
		<position>5</position>
		<ent>2</ent>
	</atribute>
	<strong>
		<left>94</left>
		<top>323</top>
		<width>6</width>
		<height>6</height>
		<ent>2</ent>
		<child>95</child>
	</strong>
	<strong>
		<left>102</left>
		<top>479</top>
		<width>6</width>
		<height>6</height>
		<ent>2</ent>
		<child>39</child>
	</strong>
	<strong>
		<left>232</left>
		<top>479</top>
		<width>6</width>
		<height>6</height>
		<ent>2</ent>
		<child>75</child>
	</strong>
	<cardinality>
		<left>24</left>
		<top>303</top>
		<width>34</width>
		<height>27</height>
		<id>102</id>
		<name></name>
		<comment></comment>
		<ent>2</ent>
		<rel>100</rel>
		<arbitrary>false</arbitrary>
		<multi>true</multi>
		<glue>false</glue>
	</cardinality>
	<strong>
		<left>272</left>
		<top>323</top>
		<width>6</width>
		<height>6</height>
		<ent>2</ent>
		<child>95</child>
	</strong>
	<cardinality>
		<left>310</left>
		<top>375</top>
		<width>72</width>
		<height>27</height>
		<id>94</id>
		<name>belong to</name>
		<comment></comment>
		<ent>2</ent>
		<rel>92</rel>
		<arbitrary>true</arbitrary>
		<multi>false</multi>
		<glue>true</glue>
	</cardinality>
	<relation>
		<left>425</left>
		<top>385</top>
		<width>7</width>
		<height>7</height>
		<id>92</id>
		<name>Rel7</name>
		<comment></comment>
	</relation>
	<entity>
		<left>590</left>
		<top>54</top>
		<width>226</width>
		<height>96</height>
		<id>67</id>
		<name>Author</name>
		<comment></comment>
		<constraints></constraints>
	</entity>
	<atribute>
		<left>595</left>
		<top>84</top>
		<width>29</width>
		<height>12</height>
		<id>68</id>
		<name>id</name>
		<comment></comment>
		<datatype>Integer</datatype>
		<arbitrary>true</arbitrary>
		<primary>true</primary>
		<uniq>true</uniq>
		<position>1</position>
		<ent>67</ent>
	</atribute>
	<atribute>
		<left>595</left>
		<top>104</top>
		<width>53</width>
		<height>12</height>
		<id>69</id>
		<name>name</name>
		<comment></comment>
		<datatype>VarChar2(255)</datatype>
		<arbitrary>false</arbitrary>
		<primary>false</primary>
		<uniq>false</uniq>
		<position>2</position>
		<ent>67</ent>
	</atribute>
	<atribute>
		<left>595</left>
		<top>124</top>
		<width>73</width>
		<height>12</height>
		<id>70</id>
		<name>surname</name>
		<comment></comment>
		<datatype>VarChar2(255)</datatype>
		<arbitrary>false</arbitrary>
		<primary>false</primary>
		<uniq>false</uniq>
		<position>3</position>
		<ent>67</ent>
	</atribute>
	<cardinality>
		<left>673</left>
		<top>150</top>
		<width>68</width>
		<height>27</height>
		<id>73</id>
		<name>writen by</name>
		<comment></comment>
		<ent>67</ent>
		<rel>72</rel>
		<arbitrary>true</arbitrary>
		<multi>false</multi>
		<glue>true</glue>
	</cardinality>
	<relation>
		<left>707</left>
		<top>245</top>
		<width>7</width>
		<height>7</height>
		<id>72</id>
		<name>Rel12</name>
		<comment></comment>
	</relation>
	<entity>
		<left>581</left>
		<top>327</top>
		<width>249</width>
		<height>136</height>
		<id>29</id>
		<name>Book</name>
		<comment></comment>
		<constraints></constraints>
	</entity>
	<atribute>
		<left>586</left>
		<top>357</top>
		<width>29</width>
		<height>12</height>
		<id>30</id>
		<name>id</name>
		<comment></comment>
		<datatype>Integer</datatype>
		<arbitrary>true</arbitrary>
		<primary>true</primary>
		<uniq>true</uniq>
		<position>1</position>
		<ent>29</ent>
	</atribute>
	<atribute>
		<left>586</left>
		<top>377</top>
		<width>42</width>
		<height>12</height>
		<id>31</id>
		<name>title</name>
		<comment></comment>
		<datatype>VarChar2(255)</datatype>
		<arbitrary>false</arbitrary>
		<primary>false</primary>
		<uniq>false</uniq>
		<position>2</position>
		<ent>29</ent>
	</atribute>
	<atribute>
		<left>586</left>
		<top>397</top>
		<width>88</width>
		<height>12</height>
		<id>55</id>
		<name>description</name>
		<comment></comment>
		<datatype>VarChar2(1024)</datatype>
		<arbitrary>false</arbitrary>
		<primary>false</primary>
		<uniq>false</uniq>
		<position>3</position>
		<ent>29</ent>
	</atribute>
	<cardinality>
		<left>705</left>
		<top>463</top>
		<width>34</width>
		<height>27</height>
		<id>35</id>
		<name>is</name>
		<comment></comment>
		<ent>29</ent>
		<rel>34</rel>
		<arbitrary>true</arbitrary>
		<multi>false</multi>
		<glue>true</glue>
	</cardinality>
	<cardinality>
		<left>684</left>
		<top>301</top>
		<width>49</width>
		<height>27</height>
		<id>74</id>
		<name>writes</name>
		<comment></comment>
		<ent>29</ent>
		<rel>72</rel>
		<arbitrary>false</arbitrary>
		<multi>true</multi>
		<glue>false</glue>
	</cardinality>
	<relation>
		<left>721</left>
		<top>687</top>
		<width>7</width>
		<height>7</height>
		<id>34</id>
		<name>Rel5</name>
		<comment></comment>
	</relation>
	<entity>
		<left>403</left>
		<top>636</top>
		<width>217</width>
		<height>96</height>
		<id>5</id>
		<name>Copy</name>
		<comment></comment>
		<constraints></constraints>
	</entity>
	<atribute>
		<left>408</left>
		<top>666</top>
		<width>29</width>
		<height>12</height>
		<id>21</id>
		<name>id</name>
		<comment></comment>
		<datatype>Integer</datatype>
		<arbitrary>true</arbitrary>
		<primary>true</primary>
		<uniq>true</uniq>
		<position>1</position>
		<ent>5</ent>
	</atribute>
	<atribute>
		<left>408</left>
		<top>706</top>
		<width>47</width>
		<height>12</height>
		<id>38</id>
		<name>note</name>
		<comment></comment>
		<datatype>VarChar2(1024)</datatype>
		<arbitrary>false</arbitrary>
		<primary>false</primary>
		<uniq>false</uniq>
		<position>3</position>
		<ent>5</ent>
	</atribute>
	<atribute>
		<left>408</left>
		<top>686</top>
		<width>79</width>
		<height>12</height>
		<id>37</id>
		<name>published</name>
		<comment></comment>
		<datatype>Date</datatype>
		<arbitrary>false</arbitrary>
		<primary>false</primary>
		<uniq>false</uniq>
		<position>2</position>
		<ent>5</ent>
	</atribute>
	<strong>
		<left>397</left>
		<top>660</top>
		<width>6</width>
		<height>6</height>
		<ent>5</ent>
		<child>75</child>
	</strong>
	<cardinality>
		<left>476</left>
		<top>610</top>
		<width>66</width>
		<height>27</height>
		<id>19</id>
		<name>contains</name>
		<comment></comment>
		<ent>5</ent>
		<rel>18</rel>
		<arbitrary>false</arbitrary>
		<multi>true</multi>
		<glue>false</glue>
	</cardinality>
	<cardinality>
		<left>620</left>
		<top>678</top>
		<width>35</width>
		<height>27</height>
		<id>36</id>
		<name>has</name>
		<comment></comment>
		<ent>5</ent>
		<rel>34</rel>
		<arbitrary>true</arbitrary>
		<multi>true</multi>
		<glue>false</glue>
	</cardinality>
	<strong>
		<left>397</left>
		<top>696</top>
		<width>6</width>
		<height>6</height>
		<ent>5</ent>
		<child>39</child>
	</strong>
	<entity>
		<left>344</left>
		<top>42</top>
		<width>206</width>
		<height>76</height>
		<id>14</id>
		<name>Shelf</name>
		<comment></comment>
		<constraints></constraints>
	</entity>
	<atribute>
		<left>349</left>
		<top>72</top>
		<width>29</width>
		<height>12</height>
		<id>27</id>
		<name>id</name>
		<comment></comment>
		<datatype>Integer</datatype>
		<arbitrary>true</arbitrary>
		<primary>true</primary>
		<uniq>true</uniq>
		<position>1</position>
		<ent>14</ent>
	</atribute>
	<atribute>
		<left>349</left>
		<top>92</top>
		<width>53</width>
		<height>12</height>
		<id>28</id>
		<name>name</name>
		<comment></comment>
		<datatype>VarChar2(255)</datatype>
		<arbitrary>false</arbitrary>
		<primary>false</primary>
		<uniq>false</uniq>
		<position>2</position>
		<ent>14</ent>
	</atribute>
	<cardinality>
		<left>408</left>
		<top>118</top>
		<width>35</width>
		<height>27</height>
		<id>93</id>
		<name>has</name>
		<comment></comment>
		<ent>14</ent>
		<rel>92</rel>
		<arbitrary>false</arbitrary>
		<multi>true</multi>
		<glue>false</glue>
	</cardinality>
	<cardinality>
		<left>492</left>
		<top>118</top>
		<width>37</width>
		<height>27</height>
		<id>20</id>
		<name>is in</name>
		<comment></comment>
		<ent>14</ent>
		<rel>18</rel>
		<arbitrary>true</arbitrary>
		<multi>true</multi>
		<glue>false</glue>
	</cardinality>
</schema>
