<?xml version="1.0" encoding="UTF-8"?>
<application version="6" xmlns="http://java.sun.com/xml/ns/javaee" xmlns:xsi="http://www.w3.org/2001/XMLSchema-instance" xsi:schemaLocation="http://java.sun.com/xml/ns/javaee http://java.sun.com/xml/ns/javaee/application_6.xsd">
  <display-name>Bookcase</display-name>
  <module>
    <web>
      <web-uri>Bookcase-war.war</web-uri>
      <context-root>bookcase</context-root>
    </web>
  </module>
  <module>
    <ejb>Bookcase-ejb.jar</ejb>
  </module>
</application>
